wallet_address,score
0xd4bb298f935cdfa7eb5e363d168f838bb65cdff4,100.0
0x1344a36a1b56144c3bc62e7757377d288fde0369,84.56505231002734
0xb7896fce748396ecfc240f5a0d3cc92ca42d7d84,83.42154048656202
0x8888882f8f843896699869179fb6e4f7e3b58888,74.56434911097702
0x78e96be52e38b3fc3445a2ed34a6e586ffab9631,61.18487110950337
0x692eed821c68105b4183a0fb45b04276b6b4b04b,60.30227708569195
0x0f3c2476fbf0ed09dff00ea7f4ef252dcc72e6f1,57.918234192834504
0x0e0ec712b3912b5601216455a158cf18152cb62a,57.216667556966925
0xd050e0a4838d74769228b49dff97241b4ef3805d,55.87498590246047
0x6fb8f81124dd717a4e2b376b203f416d4adf3584,54.053918150132866
0x9064f45ddb3875b83ce86602330e493e6abda6f1,53.35554262404953
0x404d846c95b2a70104fbae9797305beaa27a4062,53.22040116541651
0x427f2ac5fdf4245e027d767e7c3ac272a1f40a65,52.777671224642155
0x8ec5c5528db3f1c6d8e3c4256e87de04ca7fffdb,52.41033610753026
0x65d4f08db768d1096aee1f9523758eb5ca60ae9b,51.93322124699965
0x561445dcad87cddfb1a3b21bb3d1ee4d5e73b485,51.913486367595375
0xc64de5e0f97c21606e1f31426eb5c98ab729c08e,49.273842546560516
0x2d29da8a41acea411189ae98ed73c9503e0dd4c2,48.79703777968723
0x41eef115c400826e40dfcf7a70258a11263a8e3a,48.432396823908796
0x32a59b87352e980dd6ab1baf462696d28e63525d,47.106172306747006
0xb99cc7e10fe0acc68c50c7829f473d81e23249cc,45.78472732227903
0xa47c7d85a8371833b1e501fde59acb859b21585a,44.64988771516017
0xa24f2e6dcbd2da9a220958401dab74b365bd34e1,42.519890240460754
0x23c4bd335b181e6e104ced9fbd74a4248d50b40d,42.277096295848274
0xbed4e3cd89918563a9ce4b04cf5379daf566bd53,41.544524426243704
0x37acfef331e6063c8507c2a69c97b4f78c770a5a,41.21317056028899
0xf8fbc9298650f49f9b6280ead636c1811c6ca1a1,40.477687471479705
0xff659461bb2f7353fdf9d93d452d607a015fc4d5,38.22622023724092
0x3584ca77ba08bd8b3fe4762e60eb284e37696829,37.21065488140835
0x8227dd709351e569cc9890b1eba3a294d7886d18,37.02284111798315
0x1954c8cd151de0d0946fcc1e8a97545f711e2380,36.872318322422785
0xecd02810db92ff027ea1b0850d46bda963676d74,36.37686571941386
0x586e32930ac05127de429bd566eaa2758fcbd9bc,36.368093260185766
0xffdc0c7dff4bdabc76e69f1ffd0c11d54b21369b,36.3276907970526
0xbd91ed15a05372a1fa9f9dc472c7506ae946fd8b,36.02387005801791
0x97d868b5c2937355bf89c5e5463d52016240fe86,35.95213516814202
0x13ef2994550557b3e359d68df43bf68d32f8c5ba,35.459712733603745
0x0215c1aa89283d755c6a79d99153b907dcfa73a4,35.370416751441255
0x56178a0d5f301baf6cf3e1cd53d9863437345bf9,35.31250335470615
0xe42ec162dd9e75bcc8c331a0f5240958c2d3da00,34.64795087210212
0x806cf73a306948f0f849d56c1b835fe8eb5b26ba,34.54846031274696
0xba2f752f7eccb6acffd73e532586050bf0a1fc32,33.99613644278162
0x85c90e7bb1e5e2beca61550308396c342a043cdc,33.95973253211593
0xd5be50a7a1b37269e7080703d7e2fb77cb7d3079,33.54196113604753
0x7d3ff21df6e555c6f2accc0c437f9e31fffdb6c4,33.41234124013693
0x0be0ecc301a1c0175f07a66243cff628c24db852,33.36259888231872
0x97c21083c8c62a2e3db72ca4cac91b138a07872a,33.24595359000845
0x118ee757dd8841f81903e1c1d7d7aa88e376cc39,32.977323079128354
0xc2a8728496be486950ab1754b8c7fe23f99c05a5,32.90715553248334
0xc60c784a4556126720b113e12fe950163427499c,32.59197024660822
0xa17f75c6d52951699350f308d1220e2dca7b4cda,32.5192014836611
0xe5a3d77d7788a83f3549dd7f08fc2aced7e262d2,32.45129353122152
0x70c039387365da03c0bc345c5161deaa867ac2cf,32.37304602438805
0xb027257430f0e4dc0fad2184ff4b415761e8db20,32.20294582618122
0x74ea248f6216d5aaca871013dd36a1de013d6731,32.16116587736273
0xec8e446c52f2d4ac9048aff1813c636ac8334fc9,31.970696757181965
0x5999865518c9de250b820762130ff7a7119a4558,31.93097361110972
0xb7992598ac932fe2626d68a79bbd099fc293828b,31.803881912620348
0x000000aaee6a496aaf7b7452518781786313400f,31.709854963487526
0x57c80ddae73d9c5662f86db5ca6301f0bc723f5b,31.121524885776942
0xdb0c8dcd4dbd6b4504defbf3848e0123b012b68d,31.09594502777616
0x08072a5fbc90eed1ca4fb863c1df8aa1fec61cfa,30.815594926245154
0xbfc22e3b81bddc185eb7c50765a9f445589a12ae,30.537664238289697
0x18456bfb605e238af478e4af64bf5a2b5304a31e,30.524621359538024
0xe0819c89815a3376e2a9a02d77e4e4a8c8387adb,30.515314866385694
0x869a032b284481f4ad359ac75cd017eddee5c23c,30.512132274306907
0xa0163ffb80f4b6cf9225cb600f47b9acbf0d77fb,30.493677577708446
0xfc16f4100850ff91829d3e3d8a169179021d9ee5,30.48462962304353
0x7c268efc98762edacb318c1226fb73a5b5b7cf95,30.362831947779846
0x3596c017ad351628cd31980837c0938ddbad7e49,30.31541554631222
0x76fb10ad41f27198904ca26118c9614095528538,30.314019529072716
0xca07aacbfa8508e4aeb2269ae364e185bc9421d6,30.284962484415633
0xea5ee32f3a63c3fabb311c6e8c985d308a53dcc1,30.279184746467756
0xe264886feb92e9c6a92fa196dfdc09d330b66c17,30.18365963441126
0xac6a6388691f564cb69e4082e2bd4e347a978bf6,30.132946524094862
0xea1b3a8fc8342590eb955f1a4194c007189b3159,30.094504685241763
0x2aefafa691982dd8431b03e584988b80c5c0b977,30.09342577489107
0x6dc75ab02d614ac94537f774c1dad8c8f6d0f6b0,30.070374048956968
0x2848b9f2d4faebaa4838c41071684c70688b455d,30.00972059649606
0x121667b6690f5040c672c3df912a5aaf8735ca23,29.972708734690702
0x61ad994108a0d4b8a2dc60129362ffa62342bbd2,29.964114340520716
0x7075f5b527a8786799ab8165f4780e27bc4844c2,29.936079832999003
0x3eab4037a2e7f4d4d0946c091fe135838221f2b6,29.8680134512108
0xf41f0d91b6c49abe748fa75ee22a232750b778a7,29.859118379391514
0xd6d81f6901d7230b599e3da4807f8de1a15651d3,29.859095080937937
0x36f17600074a466fef5db144c5eab363fda9363e,29.56511696406502
0x93b5daea8e630ee2d3408cf52263ce809ea8b6fa,29.558386803602094
0x132db8234171cc9d8a65853cf03d5c0f46c8867e,29.54452692015422
0x4d37f28d2db99e8d35a6c725a5f1749a085850a3,29.503148868570285
0xb6029716c5a624f50ccc80c67755f8c54b9a1592,29.460862974785933
0xf8536b417396cb1ec80b12b1c9c573392357e619,29.455853767946845
0xe15103fe6728f5176d39b2116291193420a8b08c,29.39594238284029
0xeb23e02024b8b98dd988d39482ec4bc6d329199d,29.349843039752365
0xebbb98ff532b9961666a6b9f2173a89b571955a2,29.243750774318748
0x36be2af18791c3a9e39002aa9938bd4a2940f52a,29.167625701820217
0x7bc0ceafffc2f2322f07c3058ffbcc2fa7c2af7d,29.152753912679856
0xd11d7c9a8c02ee4c13e6c9c38d98f38d8d1e0838,29.144564436909544
0x17ab90543746301cbc6cf0a38f8cd84cca9c9b31,29.05937104186486
0x9df06d2e25378f01a405c93310e289e8d06c9841,28.973588365474217
0x6d4090db32d7dd417668489964c05ed6811671f0,28.96987760201307
0x68803ac6443605374b029836c356964550596dc4,28.9348945850359
0x3a241a2a5c474fc199e4f3d24565702de363ebd8,28.835127810828908
0x9bd48e08e3444b30113812acd52458b35c33803a,28.790407768071496
0x5d594da5154a4236a4fd81edea808ba1338f3203,28.77406760513358
0x5519b78b0f40d62a110c787317a9833f36d937d8,28.690674771775182
0x54f987c0a786031357427211046d9e7ef61f3891,28.662391528913034
0x2e19bbf8e8d456872a2fd76e79be29dfb9f98720,28.534621012822747
0x1ccb5cef2d364ee60eeae2b241ea7212d3c10287,28.515459962301588
0x6168bb05ccb4aaded0169602bbb6e3cae12902c5,28.304172156462414
0xb3b50e22f2d7db7838f0888791a7a7fd637e9164,28.009090420212697
0xa87ab61574a159ee2466ed44dadcd7b9fb292ec1,27.991955119009937
0xd78f9e1f17bcb8f5b719d40b5dc262d9ecf9e9e5,27.980837444077505
0xd3609aee138dec27fb63395dc58b5f0c7ab701f2,27.835264613292114
0x0aa05126f46862cb8cc097a4d6f0f47ddfba0a7c,27.715102636551354
0x34353e48f8007b0dbf496e734062e30d9354d529,27.694978818292505
0xe1447914f234eb30f8725b2f564e60a655e39cc0,27.68140351297339
0xd593193c672f5a8f999c0f3c8f2f46521fe84691,27.591699584439453
0x64ead14ad73ac013dcfa181ca72c13e935fb3c13,27.53651738180259
0x4c0e1f1c80090b6749f757262c267246aa3ace64,27.510541396732858
0xe98bba5b0784a6c08b5e48d3382329ff54d4f42a,27.41659019616841
0x4ec48496d799e4093d6e417bbb54377f8ed50f90,27.400982913563652
0x82ed811fd7ba9392dc2a88044a3cfa246a81f235,27.396878404462694
0xb082ddfd74748b763f52f04558e5f814a56de67a,27.382084077533225
0x4df97f293c01a2327690653e4b685cbae6627840,27.263920556768497
0xdb88b5b0df1eeb8d30263b7a1b31618b0bc61e3e,27.255559492140556
0xdc2e7899f3bc842fdada6f5c172df9ddd36f8298,27.17890250209104
0x1819d92211767baf387fb0ccaaf318b7dbacdd0b,27.17890142134511
0x05b60b13250c0bd9bf27b91785c6670d3b8271b0,27.166712300861224
0xe8fc405c105bdf95cad29427d7b163a80b0f2daf,27.130141802375928
0x2e2fa5449b1a828398d87f4b8db3eacc4dd519ef,27.130037068342013
0x4fe95c36bb9b3a81f278569525162f91615e77d7,27.089572925290682
0x5c41ce26d910b50f6b01ae315c77d4e1fc7a79e3,27.052250110796244
0x8844853428c59baadd9b4840e83969dd4f58cec9,27.03262507411641
0x75e617ace2e1025b2651d9902df9c94df4457a2a,27.007615519393646
0xacee7e48eb7ac0357d49d5c21cc4c1b5cb13cedb,26.963467570469778
0xf5bb0094b5b7d0c03e0af35c4b4b287805d71467,26.90630929796444
0x01b29eb97ec05b81abd72b77035d99dc1b482c1a,26.873684395045487
0xca26a1a4093918f1cb53d251d06e5eff934f6fbe,26.857654440297907
0x19a80349afe1ebd2f4eeca0e49ca5bba282ff049,26.804829240056634
0x830538c99eee124788c05eb19ffb6022015c898a,26.758153170575355
0xb2fd9bae9f794d609fed7dc685f29b48f50e13c4,26.74809112831972
0xdf0635793e91d4f8e7426dbd9ed08471186f428d,26.738978706056145
0xab95c29198f082b86c2eed5b7c18aa5b80802394,26.723550024962666
0xa6b5b157670fc71dd34b3e4c8336fe72c0358c78,26.710603412133256
0xb6e9b43e89278c4c812f4a20f8c531fadb636808,26.703484479313595
0x25798df528a753da61fe6a5a0e3f0a38c9545ab0,26.690878193321545
0x1542ecd3d4b083fdc0bc3d8a09347f904211ba8b,26.68298957310859
0xde1d3f6b9fe90a9b64064ce5fd7343bff0bb939b,26.681029748845585
0xbb4d8ad59073bbbd65cbe557c6d6bbf7b1d2fc22,26.67910430296272
0x7d07167d55edda306f7efb9a43a15a9b899698a7,26.676910116536355
0x6f21bfb01544afe0661280df5426dd4a8048c17e,26.654991995598255
0x4adc2d544161e4de41a0c609ff930cb0070d38f3,26.642753709335317
0xd2adb7b4df854631fa0f790a93b2fa25fad3f56e,26.625773801182046
0xfe1f4e27e5d128c9826d4926e944ff0fa4384a15,26.606132962018957
0x97e6e0a40a3d02f12d1cec30ebfbae04e37c119e,26.59050796922911
0x3acdfd4fa0238d44ce0ecaeeab515cd2796f24c6,26.581608286689086
0x7639683ffe5573c68fde8a26f47db11e909ab1cc,26.5696247127715
0x9c6d8aecafc9155a1202c7b686e4b3f17e6e5835,26.55694568890804
0xd998171b51dede5bb420228f8ca6e349daf0fd62,26.556476883551927
0x65f53a8b88cdace856a2b1813f05f3e876e4f36f,26.556165804995523
0x48eb6cb7c6c759f59e5d8867690f849b0398b993,26.53303921361441
0x1674237082e1d8441c25aa182bcc827624f5613d,26.515826583187383
0xd60bb1dad4ed8df7e34ca61d3a9c37768da070ba,26.467607925094445
0xc019e26b8c3bcc89c060110e079b463cf105dca9,26.33767496811829
0x16ea1f673e01419ba9af51365b88138ac492489a,26.332576499200812
0x4ed0f6fe7156efedd299812b8d27f60a6c70ff6d,26.32558982841277
0x6f858d52ff946d3a4c91fe5a7cdc408212d17a1b,26.32554032367161
0xa7a9e6137d2582fc8bddad6a6daeb8fb985396f2,26.325536648621927
0x3421fbacd45c4df3f08ef88a77343db47f130808,26.313398435630152
0x7221e37fec261309bf4bd4e95dc129f1372f8082,26.309663207171386
0x86e3209766b078527f77969f8013bec5dcdebaa4,26.305438338329644
0x17f780e07e5525c20bf5f22b6c650052fa8605ab,26.30243417388542
0x44265dae5c21110b0dfdd421503ce3e1ca3280a5,26.289018239528904
0xb8eb4347b64999bd31498d3834833b383d59f4fe,26.280840748727346
0xd27078955887e164fd818869a2953d5eb8aee2db,26.268664505443173
0x4e15ac6d5f8a6b5c5a84436955c9f38f4195bf61,26.25959760963788
0x27c0b78b1aaedfc124c3046f248253d253b3bf82,26.255286056491588
0x6d23499ccc3964d8be7d2ca0e4189c7f95246127,26.24428621434218
0xe09568554ba1820af4cf5dbacbc4db1575167452,26.2325288379135
0x64ae361c1c55f61a02d2c67a4c78457d5169ac56,26.22002934634579
0x6d2af065ccb60c0f7e8ec5907c961c42a3447127,26.21051378145745
0x4ac1bd444394b2de7d1c792aa6852a3ffd88b7e8,26.206755990427112
0x8581c388a30518884522fb177a92fc2193510814,26.199622958147977
0x67bbbccddd394c2cfa15d3958904858b21040cc6,26.194960561841977
0x7927b405101e92617eb2b8cf835fd1875e7ee276,26.179256032615395
0xa1d2ae90d7b1f5910f332daa89911d84e5d26eda,26.167289826748586
0xedcd518221d67769f2a85acf801e6ba4918a55c7,26.15142101601966
0xed60eac23f638d2c4e28ba681a0539b7e63a23bd,26.13476667984037
0x3ae5ef40114df5a25b354906d492890b28fbcc90,26.130171540399484
0x11e03d11ba8328b345e21a9c6ad442b64ec85e11,26.110954396598668
0xc87f89a396e79956651aaaf57dbbaf15d2aab67d,26.06463887939306
0x4ba70b22891c85936d4950f451140b844b7966e3,26.059190661538285
0xa5c3a513645a9a00cb561fed40438e9dfe0d6a69,26.015984750419065
0x65a16b857a3c3d80c8fe3fa0cbfc588b5e12b50b,26.00904610366266
0x6b790599ea89be7f68268eea87bbba9cab5cfb68,25.988975076590403
0xeb27ae58d1980d4c5726409c88aa14e9dd733fc0,25.9854801029135
0xd47df21207181152dffc749eb3a66d8d91eb204a,25.972543727746572
0x2bdcb884fe962a1a4fd3441e4e41d368049b92ab,25.964027371560867
0x32b8086efefb0de20e1d0238c19b8ddafb510aef,25.95647494685381
0xcc742d725f2cd02fd30686dc4ab9c5bffa55fa8b,25.952221745279974
0xb094078739fd1632e8fed266678868e5776b65f4,25.919740145132696
0xc6c5f57cfa1417c5afeda6fec89c08b53d572a11,25.910683107802928
0xb535ac19df533873c2c640df6cd644cfbf8b5d39,25.879251570451135
0x3a958fb94d8b185d4d333a52cdd1e52d52224562,25.87404110843967
0xa43d0765cbe4d17830fccdb27a77fb22dcd5bb35,25.84066236803732
0x7b325769124cce64277ebeb4d6fbce65276809be,25.82695854717344
0xb1c1a8fe5cee6ee090c1d575f3f2a77f50713fb4,25.82669559527814
0x9ce8f85083fcf364467a827cb15730102306ed1c,25.82029219130899
0x6b052bb4f5e54dee68cf96530d67c9b54283ace8,25.764684833561574
0x41bc5e34131559048b12006a5a8889b122a1d57a,25.70959993527509
0xe01dddfb490726df1fc3a62ab627f05ce673c586,25.703892223381747
0xeb38616ff63fd82eac754135e2068271ec8a2c1d,25.696711077210388
0x1fa02e36cb086f2a89adba718c65db7085d16756,25.676644629943073
0x4654f56a64301b9b582f843f97332d96ead11ff8,25.669152830570823
0x1f8cead48ab2831c24b58aceb1f1e0c61a9f50ff,25.663323018744777
0x9d5f75adc1659bc69732c7f915dfff7faded2290,25.654728643505532
0x8529a35ba148c4d5202f8b0c800ddfe1da5991a1,25.61872964863093
0xedfbdcacb9646e3c017321bfbc8c1bf82a8fc12f,25.606024810726318
0x07f25348cd6c758e619a17ec1aaebf4e8c17fa3e,25.59439512572081
0x13025800a6eddea918eae73b408eac60824f8ec8,25.584207732377546
0x3e9a8f4ec87bc9e2170688c593f42b2934b92f71,25.574961990701773
0x39b4c78fcad0dc158be86ee0f9f1b867fa6604f7,25.5726614148618
0x770fb298e70df0eb42235671a53e3210dd2ec2e9,25.554824064235014
0xfc17bce452324982a922dca45d2d6bd4e1312f6b,25.53490655102732
0x6c336352c1dfa1ea92226d831b62847f3b33f98a,25.509068952637755
0x3f18218eb46e44fb0a49cf76de380a9c1060f847,25.435872609951037
0xb435871b0959561226b4d903b1abf79528177e81,25.401924506904365
0x59fcbeb1a98d5367548e9caef800531b90a74133,25.39935047693835
0x464ac975da2341964918c541ead2a51effad407f,25.341038294734354
0xa58141d01b0159b2571fe5d51a49c875caf8fdbe,25.295322509212447
0xa00c99f5f955552742f1089ded88abdc74e67bac,25.254925482933306
0xd80c8da4b37cc49a5ef4521fccb56052378b1c78,25.12118014301935
0x1a92100c109e4cf051373137c08f8dad2b444e5a,25.104886090938216
0xaa228431cc2b3db67b456e5be5d6877070ed63ab,25.09982188055781
0x81da4f0bcea8d330d790da28bf5349d29ad51fda,24.897950811050514
0x7ea0aacaba3d6e5ec781585687ccdb7d1c25f5be,24.765739256939348
0xaeebe2d33fbdf50684161d1c1ed29a42ac915841,24.726085737371005
0x4b8673ca1b5c9f08cfffce527fec9173c35e27f3,24.671312500061102
0xb329748ed21105b08fbfddcdbf7d1751e78f3950,24.61531862980218
0x8a4eb42a4f95490f3200d74bc12618ef1336eeab,24.500801288877593
0x9fd31424cfceab50218906bc1b3d87fe7778ca61,24.47048113119842
0xcfe638ac45cc776cda727b3d388bc7bf0219523f,24.396819435335125
0x773955584d15cce046efb085712cfd75eff33b88,24.364672308101873
0x490b78c13a1db14b3a410af43fdf16862f9c7282,24.32836733213077
0x01d127d90513ccb6071f83efe15611c4d9890668,24.23280288351204
0xa744ccc445f6a81ff48e9aee199f3b36d6968346,24.225092679028645
0xcb6cd899d2c830e28b4ecb9b677aad651bb70451,24.21301351991493
0x4abb2c1bdc5e4506b1aefeb8ff57d521a91311a6,24.208108360205102
0x342491c093a640c7c2347c4ffa7d8b9cbc84d1eb,24.19903087904703
0xa0c39f6d8de3707a513bb1e8fa55f73d0cf5d18c,24.1963416121878
0xc46632acfc5fea89c82742fef3ebb166ed749faf,24.192485516964286
0x47358e6174d77e29e7b905129609c77305387464,24.18954557019266
0xf8fd889b47e3caba23610d68050b639584bea0e2,24.140837026657884
0x506b290dec05156fbcafff81b602e4b3717e95ab,24.139413587774616
0x051ac2fcfd5c82878dc45851c01e7f5a5773c4d8,24.12092785006921
0x5a3a4dee6cd3424832b5c5bf20d4dfd370e0bdde,24.108146911964663
0xde03a6f8f1f08abdb4efdef9806eaf9cb721bc1e,24.104370973351173
0xa0463d9133f97968f30ef5e761ecbde587ddd918,24.095348744386236
0x199885d0638909ded9a5324ba721690c2dbb6b66,24.091305924515883
0x91351a04b3365808518d22db2884d3c288a4bbd1,24.07047148087491
0xf77a46c229fa299032dead8db01cceadb432b0b2,24.048787184980338
0xa931d7bdfd8cf6506ccf8e873e6fc60dab6e5a66,24.043627876829724
0x532886ff5da9ca853571faaa846badb906f8f9a7,24.03088126280227
0xa4a4bc5b32ee23c74c7f638f93e436ea324fcb7d,24.01924761414491
0x30ff9bb028ba7591cacd0fafb24e29bf4d34f27f,24.019247381964686
0xca380658db5bb34c62cd1bdb515536a11a5b8e91,24.01837657473597
0x28c118cb932bd3037634789b0a780f6b01e77fad,24.00695431875512
0x0c74e0e80b442cf74b1c515b642908b82a8878e7,23.993907605373384
0xfb0018ad46c669b6a4c0e589c53db27daf7f7930,23.99028252256391
0xcc896ace93c88746ec7dd09e1fc54ffe27fe66cd,23.981675546885214
0x04629871122dd5b2d4a958c38c1acdbe652b0c78,23.978414145948726
0x3f62cb3a1a93043f7a9fbdd7029d7c907820b12d,23.97414191505367
0xd684d80f92c67836c4da6ead3c7d0a7713b54637,23.973714524936646
0x2aaba937786bd2725ace39f3d26ee37f5b88f2dc,23.970487430984473
0xefb1b61dac569ac6e8a7b860967978976db4561d,23.970435335423172
0x806add7659fd1fda4b1f2b981a90a12d3373b2fe,23.96964026130173
0x718225832e5bde18cc93e418e091ea43fbe05e3d,23.958245035556335
0xb43c9bd6b8fd1816daec30075000c5f0f1a7c9c5,23.94979683062521
0x7179ed411c63ea4ba21568142e57f6cda4568e12,23.946107257859474
0x3230984e9d2d471d4fd75e19eedfc67aaaea0438,23.945742872105015
0x26199b5dd7637d8ddd76fcfe31ec1eadee25e275,23.941845446082358
0x3a4408c8b3b6733f5cf495c997bd3658466a8c8f,23.941695559263305
0x0a6afb591cef197bd25ccc8e70a90909ae46c749,23.93764990039581
0xfdc79905818aa8e0ff637c2627c98b1e8b5a54b5,23.909484337098224
0xdc35c2e0ba72de06c2ad4220bfe5666981a0de45,23.899818262791698
0x60ad81273c776aea562faeaa601ffc1680ae929d,23.893707936078616
0xe2dc7f52ea0b5b0eb8a97eeed7ef409dd20e6213,23.880888159474413
0x40ae7449419df850591638fb43b13d4cfa06c9ab,23.85588581350553
0x9f6c6910a8b1199251a9e213a50a8ba3dfa8d7be,23.848532830494666
0x3be2177c4aac862c9be9a01ad2fbd3d62684ee5f,23.839745707172526
0x7a263bd35102cb8007aeac5cf0c059edd561a41d,23.836395075469106
0x3dcda8f2dafd0f0aad10a35447f2fe58159d96af,23.835649569647643
0x55e9cd493420ab4312baa8ae2feba35c82b6312e,23.830613916847614
0x8985aebdb1adf244f1f3f8ad9ff89b8a045b5319,23.822135326209498
0x5805ec51c516e3aa9907d2dbffea7f267b1baa23,23.799825607902992
0x291b58ab2557b806336b4a35c5643053e5511d79,23.79931159537679
0x7c86e3644ba4f55340efd8156376585f65292284,23.791220414527924
0x4c02210a9a48c400ef24308a491eaa50a97e93be,23.791096350619195
0x5e9e4f42eb295f6cadc78da534a82bf6626d0d80,23.78284193151173
0x3026a225d43c63bc36a1ccafae449c403069f9fd,23.77826921661358
0xe7dfe56bfaa4ea4498ddd9afc3f4d35631def18a,23.774800435931795
0x206e3058eb8ddae476ca1e3936259209dc01c2db,23.762936034827494
0x6e33c520277952aa4950e548f18f4bf8b17c8867,23.75899060287977
0xe2850aeceac7e8d955813100098606bfd1a01fdb,23.75885302722521
0x6398a5c3d1efcb1b8a09150aacb127df5dc66b94,23.75106374434399
0xafcb0f6c48ff9b9e5e7e4e467a4d69f4e6df55f3,23.750654166996714
0x49136c2d6d11c1ec21bf79938c9e3f880ea961fc,23.746365678382364
0xfa5756494fea34c83808ccb6626f6b7e66d46c4c,23.730577093111453
0x8fa940ddfe1f040a02c549a280ed47a93a3b9f38,23.730427402276057
0x6dc1c317176fc1f7c1a7f299884c85b362f7b30e,23.722852076344076
0x79a666ab05291b497828530593440e783f8967a6,23.710403081508098
0xa5159e0a53863fb27030b43e35d38d844c14746e,23.706420958998862
0x3d56fddc5e111fed6b5e02afa6ce9e83ee6bd30e,23.704621822189488
0xcd35bd62fd15e732b5c8f4a5c878e968547aeaf2,23.69811923647311
0xfeb79a4e213906571c20b6d6a1a3dc45d8355c1d,23.69804107466084
0x4b2d0c42d444ef7f2affc41f648e5882ad2189c9,23.697959199533557
0xc410fa737c0a6cea167a8a4281505446a12eb720,23.697904239263448
0x18de0bbaa2ec3dca4451b5a05d4a66cd245bbd91,23.68774295488431
0x8433540c7e4d086e84a6e1cf4f99d8eea0e1ec09,23.68673797945991
0x6977c96f21b14ed3ca106016c2e6b62f01d1153c,23.681712262201078
0xea58392c30bb65355d555f772f6a5c69da564e61,23.679552008994705
0x9bd296f2e0cf6d72a6b0356dc6ddad6bc7944662,23.66137676733291
0xd0f6f62c02555f4edd899631756c311dbfa00fed,23.657420510348114
0x74accb7c89c5e4cf3390b4066ede5d3eb3782167,23.65355333135212
0xf2f94d2acd63f089e2d9e82bc8edb0fbd40a28fd,23.6535421657301
0xadb93d31362b2aaf970cc7871fd79ed2d5706d55,23.653434192105586
0x7f19e61f69c9e30e809821b6002bafdbd3a25fc9,23.651144870691084
0x6b924183307ef2e529db662f80200611328a0cbd,23.646466774557112
0x774488253379d317a81d01e9d101319b42743737,23.645648936714238
0xc2c4e9f5b299a7c629739b3ca1af83e9d9787b57,23.643346004315717
0x4aaaef39ee06ba3a9f7d579bee7b9e451b305729,23.633041524038507
0x5a7adae1d13683a14b377cc614c6f919839b5089,23.632829602757024
0x4b0429f3db75dba6b82c32a200c9c298ffc05839,23.629114745302093
0x5be248b6526ff783110a4d7b3451a2aeeb187cf9,23.628732250806397
0x6f5c5b10993a67fb1a65875a2e9db38906fc62cc,23.624854265412814
0x5c3aa62df08fadf4bbb2cae10969cf143c958d46,23.621240138068302
0xa39c82a1415852b3de4a713b02ba36a8355e81ba,23.62084875166651
0x011951b5341e0c9873334f7ee24796d8e0becb6f,23.616979367299333
0x3a3b56e2ea429a6c551bd9b96cc72bc28a84e84a,23.61653650903516
0xbd170ccda2a6447c98ffa631486fe21c0d34b78f,23.612816859847243
0x70528683313ab25606ff73b1056c7fed09a64f4b,23.604780955879274
0xd662100eb324d9108b636a06cdec8772c1846f28,23.60057373520158
0xcb7781c800ceae7dfa5f24e315383d34d8570402,23.596573219837747
0xe826cf83f03732ea35eaf4cd9627d57529feca4b,23.595107379496362
0xdc0773a69d61a2d10ad4aba7f3d8cfb250156744,23.59248726976205
0x072277b0ec9edc1f7bc35535af188b32f8042d37,23.588435121850093
0x4dac2ca98638c1af27eb349d99153dfcae3a4a53,23.58417371557192
0xffd2f29802045afe867ab313a95d940f168d8e76,23.576264655454683
0x1c00c1410d83ebe9825fc498399a671b6d1dcc7f,23.573888519467285
0xbd9f5f8d2f31cf26951cfe9b7f3cc11e68d075fc,23.568219200928656
0xe454bd61976cba5ea4752a64bb6cf3f8ee2df7f0,23.556619621753157
0xc39d34e038909a98996e01613200300d6b28fc19,23.54441482415331
0x35ade8a6d14ec4b4e074179fadccc6ffe6ec7e1d,23.543778047006075
0x82f72c8e7ea9b7efd66266e173b3e192094df22a,23.539784659195025
0x172d4abfedbaed7dae325a85f09c048a407efa12,23.53175832585778
0xf240a25436a1d5de6d5686c736f8c3571b322980,23.531710721378012
0x3491b165b4d38d70d2c66a560248e729066d4cb8,23.531639777464953
0x125eae40d9898610c926bb5fcee9529d9ac885af,23.5315365791507
0xd055d0a6cb3a35208b9ffd00af37b496bd7b158d,23.51957019864247
0x00a050ae48f4f5463321a9eb2aa2dc2314076ca8,23.519562895169813
0x9023f1ed962416848bf844162903ef4624b27a4f,23.519450520225693
0x09165d195d9f50c82aac439840cc6198d69003de,23.519450515445207
0x58e2eb90a3c7c202e8a35981fd2b89db76d3cf20,23.51945020420937
0xd7c627247c6992349199a935b8d7b1710aed3f25,23.507391462333924
0x438110dc27d50682b0df262721c97047e4b00c7a,23.507259647814102
0x9999990bc03c67e331c92fd9275f8dbf2354c723,23.507259609234715
0x7cc696a7734f459d55d1b4d716b1f56416f0c21f,23.506457478400744
0x9b1b504491fc206368bf048ff564249d8a81caa9,23.506303263664435
0x1f2c87b25830c710a56b2aa7035342d99bc1cbba,23.495070597539428
0x4b3a7af8c712d2bd0068f012a9426d2dc1073d2c,23.492110220246374
0x20de15d6b83e7528b61af7a246c2beb828a36087,23.49097569813256
0x17d0f4c303566119f6c7198c5a8166a58277a388,23.4709567548592
0x8434d7761777d78eb84a90db24bd53010c727b2c,23.466674372745352
0x8ecb6c4e3d7710e2879e6498fa6387e7a33008a7,23.458716576863004
0x3faee3c76470ea021eb030314c57acad40944e7f,23.45867436531332
0xb7ce32c17693faad765707e8968592b5f3c50706,23.458668081781894
0xac531fe206ede816b4c97a3480ad48a4ab1d2a9b,23.454474060586218
0xe75c8bcd8b9a36f9cf89442d436686c218c68593,23.45419881187596
0x8a85416d2f455d8974bb91ffa1ed628099d4cfcd,23.448724828323353
0xbd7dbb5886786af713ebb1841323c528699bd92d,23.42182403912752
0x2b2a36a5034a5804abc6d5ddf1c7792b47b13f0d,23.4179565978702
0x94365ea858d1fdab697830122d6e3cd39754f167,23.409990823993805
0xb78f8384ff0689357dd03e1c2f5214d3845b623d,23.4057184444914
0x0a7aff107909cd284ba841b67050cb0458175944,23.40407238182023
0x367f640ac2818c7af1cf917d6806316db3f14480,23.385953284674112
0xa85efd19852f56990a708d5d38d49552e8c75512,23.38574387813016
0xa01105221729a59f1e6a3ed606b065977525a151,23.38560028484648
0xeec5dcd9c13f5a8324e95c38fa3a09d2cb9aef47,23.384193095981207
0x2ad9ea1e677949a536a270cec812d6e868c88108,23.374563604171378
0xfe77e90202e55b6593ba98b3c78da84b7f483d8e,23.349024438274572
0x1b9f31a9f6deab0b26b0fdfb8dd6a304a94adfc0,23.34900850412229
0x6d978a9774a52a2bf0407925383252d3db8e2cde,23.34899903678722
0xa0f4a964be507d559179224ea7f63381becbda33,23.344524681183838
0x669b3be7c1988787c79d9cbff4d928650e728ae3,23.33681490638259
0xa9e43080a32a7dca4de0fec92efeb70befef81df,23.336809813768237
0x01e7f16e17c50d070eb66787f25ce3be405d6038,23.336235673673844
0x8698350a036f463e6f0fc018e883a266e7266d32,23.328256610736997
0xe000802f5005ed958793e7f0520a766f583b70ab,23.327985642737826
0x6c1a6347761bb5f7c335f3e889410d40076ad416,23.319500906867688
0x8e8361ffcb8345772b73d5e7598a693baa1737c1,23.31245062533626
0xbd580d6d5ab92eabe180d553a7a849d5ee87afdf,23.3068192215218
0xb28cf9fcfaa079ff21ceddbfc7b4b2fb9c7bd70f,23.30271321445436
0xc9bb7204aea2dadd450fff02e63bbcdec67f3dcc,23.29997434705452
0xc91f9d3c6630525c92e7bcb93611def307249280,23.29577608931323
0x8c270f234cdcbd30d281799b584db3d0789e1317,23.287802097361247
0xa36e9f78e3a11468ccf88b99b3015f471b6ad508,23.286876596819802
0x33b495480cdfab66790300d853f56452f9f96eed,23.276720464139974
0x6fd5b7668e0850f2f6c734c9a59c3fabb06a039c,23.270647503746837
0x469136b018a816c42f0354c5768fe2615d903ead,23.263532682965938
0xbb79893f1ffabc81364a1965676643f8fed01f99,23.26345618412023
0x371ee509100af3eb863ed61b07825a50b60ab5c3,23.2507448469876
0x5dfd64f30487488ef8b3e9da735dc8ba01480da4,23.241654714278916
0x7c99b6d2ce7f55501c77e432a6e1a16ae88104a4,23.23897553133382
0x90457df24e85e174e61ec62fbab1a6ef34874d7c,23.238971213677104
0x71add64adbb965bafd01437295968502eb61145e,23.238919740807795
0xf3c6174bba3dc49a305d8a02e2daa5dab46df1c4,23.222707913194817
0x2dbb7eaf854059c9fc0484b96d6f2567dc5f3e15,23.214695448612577
0x31d4dcc55abf901ace6e18188151113b9971740c,23.21469492819335
0xab9e7a11a4081203813acdc25b8699fe3a53a5d0,23.21036431287275
0xd1bf30002eb933155858f62dd5973749d8c516d4,23.206608839175587
0x935361eb81ffe4eef326902ac37e8aba82edf403,23.206435590281338
0x6555e1cc97d3cba6eaddebbcd7ca51d75771e0b8,23.203062952261487
0x1b2b76f9f77b57ee2034c591cc143be803d6b0b8,23.174549308889564
0xe82542051b5e3ef94ce93c7a0473082dd3932bd5,23.16976512722577
0xcd8c538a70142b085216c03bc08988c5f07be83a,23.1687046292314
0xffa8b9cdb3b5d97c43191975f2f8111b164ef32a,23.16761146960019
0x4d58d36e46cf9af14e416061fe5d0074780b4099,23.16593866122655
0x7a1fbccc781593de822e0547f8cdc6210c982d61,23.152622154036642
0x4a02314976a755cc5b7b2482f25170714e903a30,23.142218288559043
0xc766ca67ed7216bf6f67e449f9789daddcc0e9ee,23.140502078616603
0x9317e25590aaa62be015aff026702f3b960131a7,23.13996181790173
0x1af86eec2d46160b784ab7f4ff9c62ec7294d762,23.13791906408398
0xbd086f196c010be4d487a6cd54dee584439a54ac,23.133275329467956
0x5100b47908a06e099d5185bf753d033fa2b7ceac,23.130066148127003
0xbf83e6e40162c655f2ded3431b7b31307275ac95,23.127487647956336
0x5212f225f58b8cd4c1cf2a10dcf047449dcb5d86,23.11855788592365
0xc69ae428f6049e78d445f053d2c1df879c59b34c,23.117178032694692
0x35fe24e9a15ff454de3bf05b1deaa830ec019eda,23.10381528181057
0xca1dbc246cd82d379f3df25732ca79ffe12b6032,23.093388900172158
0x5579718eba9128f7a9b6316e81c6f867b44754e3,23.08061740268214
0x3566974231473a3456d2305fea0bb0944d2ed698,23.07679649620234
0x7fe4b724c8e379152bbc148bbd2cfdc7e5b80446,23.067202051079352
0x484a3588e42fb1541858aa314854eed26e14816c,23.06533000737983
0x2fe55ecd0813821a209a944888206cc4dafcbe17,23.055484817360608
0xbeefdbfb1747399fed162c3b588d43a094353bd5,23.032650240274478
0x5dbc6208cc2ecb91943355486987ab89b6e7dc2a,23.03174073955191
0x1c47fb66197f84ce3d92b1ebab9dfbaa656e8150,23.027650403976846
0x6b2e44ee0ac9d88cac5822081efe3062560f9556,23.01152569839461
0xe364d707d9929e1685cfa3914ee427f9d4a89675,23.00777030819936
0x7ecb7a50d54d7985604dba59acb2705b0871572c,22.99335282689599
0xc2171d1973b2f1044fae18c48cfea0e243f127ea,22.977989617775236
0xee37f338220479c8f652e3557f02513bdb11c160,22.973021040059134
0x1955c2b76b1cf245795950e75eb176080879da50,22.972023690854904
0x1cd2eb4e9b2efaf76fc6637b5d3ce3498d5c5000,22.961942070555025
0x974536d825fa748a43b4596368ebd53af7afa6bd,22.961925014521682
0xfcf8dd90c50d2f7fd7b292ba6820ad09080442e4,22.955460416499555
0x76fedf1246f807942a1dc7025d4ae9b67d6030d1,22.951482711997865
0xbd9cdcb6688b057080b1767261c5dc17a5804e82,22.950082959812455
0xecf65013b943b0f15cfc09882d2afa273d0bb7e8,22.9295284840497
0x4c0c59f3e1e8727c60ed7bdddbb454ce4814458d,22.921426948807806
0x6447ff790634d530a7db94d124d25aa6a1172105,22.92128601956257
0x5617a73946bcd6ac851f075093cb6d35fd17fb45,22.91836226154798
0x03d4695df4b8d321d31c94de8f430e3450f50498,22.910215396430118
0x723aadf9329a770c8a77f205eaacc879b6e83f55,22.909943482056956
0xdc95913ea736a669f9518dc58b90b5d7ea2c8c8a,22.880560030877618
0x2a80c8de8eda9109872032e02d0c976f44815ec3,22.880506770909122
0x904505327ac551de0e33fa33d8c744f8ced5d171,22.877721435836335
0xe23347436a60a873673c872f76056b54ae5779a0,22.875255021686797
0xa218bd89e40f9da125cec8ffd7ad79a18578597d,22.86845250979168
0x39071d38425599702f562c09dcb0b93d3a8f375d,22.864124075772096
0x940f59b929d6a734b86426e9b691224ed2b3fb97,22.84565865149884
0x67d3ccbd1d81e7b1427b70d94454e0039271d237,22.817468195705622
0x9f7f7ddbfb8e14d1756580ba8037530da0880b99,22.817043220660093
0x6012d90ae4408145e7ab53e604832537bc0974c6,22.815603936468147
0xa0058b3a974ee3be6aaa8badac1947fe72bb1db9,22.81296436110126
0xc4d645532e0f009748c7951ee8e9119914cac25b,22.804825315584832
0xe40afc776c18d8925199dcce78d0b06c9222b896,22.79701406609523
0x1564d040ec290c743f67f5cb11f3c1958b39872a,22.79388658499686
0x0ba43bae4613e03492e4c17af3b014b6c3202b9d,22.785627794847002
0x23b8cca9b21c884a7ea65b527e88378643712acb,22.780622018617926
0x20dc055d3b8f915a1214212a5b3686a859ca8bb0,22.77527424897558
0xa342b29ade6837b519bd9067047e85edbe86e2ad,22.76490502913535
0x3e2dbda5f310aade1503557b2e7f356eaf161641,22.760628202836607
0x323e74482228dce4f6a0d86a0ea25dce6e884ff7,22.759211849833967
0x25cb5b18a3d6c7cf562de456ab8368ed577c0173,22.75298138164537
0x1a01ea6f99123f161554ae7d489976fb95d0309b,22.745440304324617
0x054e4d23739dc1c0f3edc34ea874828e1612e004,22.744031636003466
0x55857b9a18e15a298136b3118af86bc9503b3eb5,22.739924626743306
0x9ffa9cced03b6b0bda116ab14be5ceda2db0e9dd,22.739881708958823
0x3363db7e300ccfc760ac7b336b0487f031ca5454,22.728343906415745
0x10f363d941352887cd28d47e85e19e124ba5ffd5,22.723771308013628
0x1b46d2eb4d5c1f03035bc5e57b2543db50fe338f,22.72011842768438
0xac9f3d30c0e20cfc336829967d6a76808e0fb632,22.720016836503458
0x717ab1c60e79464ed2e2980a131fe5774b855789,22.71817606083816
0xb3d77ebc988eb7265f8b145accb27bcf2722ee0a,22.716622774731178
0xacfa1c0a40ef81872fb7a674a406ef25164dcbd8,22.715544282737902
0x7be52930931aec82f7495e0aabe77050a23ef424,22.71004264485161
0x009b56330ae5ec5042b9ca46ddb3043cc0d006f3,22.708637478605404
0x4590219b226e50fe8ee023665a087e4eeaec1e1c,22.70202893825479
0x40d6641bbbd6cec5f46995d3290940d3b3f71934,22.6988805897877
0x590c88342e577d77733c939e470add2e30dba491,22.69665227611953
0x4847a8135998767b984ace67a0db76465d7aab69,22.690100483211424
0xe5f502bb779651f36b2c7d48d74bd0cc398bf9a7,22.685986239778618
0xfe2eee3540cedd90364f00335e5cf87380d729f5,22.68577547947129
0x7313fbc5ed80c1d376733ce1a8670f6fb1bff6d7,22.682103795196966
0x744cb6054c7a22510cde168418c61602affd5c36,22.677974810737457
0xf23bc2d6e33840d61c9673a611a9bdcccd53bfd3,22.666940955028906
0x8da02d597a2616e9ec0c82b2b8366b00d69da29a,22.666096338158773
0x7d6ec8146c44f95d55ba3f57b878a2a807b41188,22.665862479440722
0xad52d26c3a57764a289f5bb1cca0720e63f317ff,22.658733965863963
0xea3c4bf1d59148300652ef68deadb7b796ca86fa,22.657522360685924
0x1048e693b121a6386f024f2e97ea17e28537b99a,22.655106137544053
0xe85b159026bad596d5f297095dab288237175504,22.654546346920366
0xd7295821ac21baafa398545f28f0b012daeb74f2,22.633132716452607
0x9c9550871c8d714e90ee03e610b21f156381bdf1,22.630668858980457
0xcdebcf59ee33978320ca2ebcd433ace6144c63c4,22.630580006966966
0xf10d5716c7d6fcca6301fcafb9bddb7053854919,22.630570566657607
0x29a155188b93d4366a03162bed54eaabed5ab210,22.6248991958746
0x18cfba166b30c6ab9758d1ed8ac92dbb23d4f956,22.618178773507612
0x643a4fad70b5068626add4fd67af3c23a3aedb36,22.61719115228947
0x2a08fecb8ac932cb7d3f6a3a0e434a4b9968dd56,22.616976748987327
0x70d8e4ab175dfe0eab4e9a7f33e0a2d19f44001e,22.616754032958184
0x68ffc3ea31de28ea3eaae26402bbda53085b033d,22.60901041965764
0x1c2c8a55ff634cf7841890dfc8ca7707e9b93d26,22.602300279616042
0x50f3decb7eb2dc7a8899020225fb4f8fb4a74647,22.601301993738833
0xecc996953e976a305ee585a9c7bbbcc85d1c467b,22.599433716354273
0x112d083ebe9ffbde9e0cebe5f4c3964f8e8533d7,22.59485734521639
0xbf5b9bd197e9dbf3f2ce58e5b1c35b1bf383b5cc,22.58159105654472
0x25f0b9e6ab89456909ecb0a54bc192a4666f05c3,22.576650232106115
0x921f15bb887c4636b05aa88a1faad71efe8c5942,22.576542826198377
0xd84e11bee5d555ccd905817cb8cbbd5b6e6c4f0d,22.57374471756991
0x574ccf14154cc872e39ca074beba10d1c8add1ac,22.573731554043942
0xaa3e73672061b633c5afad5c77c79c473a196c10,22.571512556048745
0xa5b65d4a68c1c71aae3910199f4ab266f726afbf,22.57128220610187
0xe4db79bf5e6eb1113154a713eab559b003d3d914,22.569465329111253
0x393b8de08b20d1127edd795a17fdd6cf0117b1a5,22.564518103794896
0x4d25819e9de2a2eeeddca953d1ef0182680a7054,22.563848316025716
0x41750c8ce7ddb80f8827771e613376cefac15a5a,22.5601312737907
0x58a2f87490292bed41297fbdb50bbf716e80b016,22.558122765348728
0x0ac4dd0d43a587b5f44afd3c4e47ce49a5713292,22.55632672939415
0x79d1afc625a0b6b6944a49851f29e520a17c1331,22.556321632549096
0x983a7502500142441b5eba0644ed456fe261a5ac,22.553956563616836
0x8a93261b687094a686a3c0f94c23963826d9dce3,22.553452614939822
0x19058b87cc3975b2dd7d01b6e95102ab9e1a2a72,22.553438550222765
0xf1aa67b2c52b7ceb9abeac8d98e2ce43d8a9539b,22.553122530918206
0x28d7100e24926786cf39038687b2f0d6ccb8dd93,22.544202645225077
0x427848db8640eeedb2772156a5380e8cfb735f0b,22.53766391550864
0x7835739697b6ea4affde23566b6143e0c60ed926,22.53218763557751
0x4ea05d7798e2569ee04e21827b8b380578df523a,22.531920174335337
0xa84aa8d0f9e3bf701cebf421b584becfc714881c,22.524212011942137
0x346563d78537987beb25740b6b9aeafe9bae5073,22.51969821813248
0x4d839009bfb07f5a0a042ec7e2f3db817bee56c9,22.519387158659733
0xf637978800670ba2a978501d86f73442e108f946,22.50766496251892
0x140e730ab23588dfbe5adc20b0906393f10782ec,22.507619541919787
0xd49591f0e9e8fc90856ea791b5f5cdf5edc78883,22.5076123198594
0x16265e09b761f7f97166397546465015531c41cd,22.507511539080557
0x1e2ce7e6cb89ee39f466e83692be6cc7a04db2c6,22.499352274527133
0xb1795acabad153fff163ba62407f38056352e5a3,22.49708739674312
0x2c966c0c52cc08e72ebb80292b886cff42ac62d1,22.496503187102938
0x5c1acab704098a41a5543bc3a8505e7c72b800f7,22.4955736193347
0xabd263d64781a01fe3d9b17f12fc95f6fccb2943,22.49547513142764
0x064a4887f6a19093517bfbf67f216d187378e111,22.4954747159077
0xd920b68db744cbdf5bc8f63b6b2bd560292aab5d,22.495474645086304
0xf109f3b3a73b8201dfa53ad0039e893c163208f3,22.49547405692138
0xf1caf10c5fe421660e8fdf2c0cdaa0be68633b3e,22.48889088201864
0xcfbf5c4cb394eafaeda07e81cee5abb7a63cfb26,22.488419651450307
0x113bb33e0a7c64bbc5f006108a938be948acea9f,22.48444686098103
0x60fc976145dd135c6bbc7df9406a60e8c2123850,22.48336190387024
0xec84ca73029969a43509ff850de593e5540cd050,22.48328401499605
0x0cf77a49fce5096b67ce61c0a077485606a122d4,22.480290287852117
0x00000000000747d525e898424e8774f7eb317d00,22.476972392752966
0x6378584a7b7916b303fa9398f465f92647033be7,22.47614297443273
0xd24e0a25b7a581d1adadd30c14b009047890e6f2,22.46458087939292
0x6e07663b21bd087a53739bc2109ac8360ebb0270,22.46112743544286
0x13b91b3ff58886ace7637e547c53bbc2936d803f,22.458903391194905
0x26d8bd22c1b3ce53d6c5110c71138749f4c69439,22.435565530309614
0x432af553927e974bff4b5bfea0a9b86a9a88b530,22.43473627891623
0xf1b8f1c199ab66930b20751d6bf43ec40e2c68d4,22.427364969221195
0xe8dea4996b610fc0a64414dac05d583fa2765a1a,22.4262643086142
0x14c45cd15d33eaa8aa149e3ca0e6924db143b08c,22.4255045112626
0x575e67aace8c83d2af8103184e7cd7970e995eee,22.416039887045113
0xb62675a9aec9a08524c70f9bbe57be4a5de40508,22.414140155382455
0xb41e31a4ddc1c3ed12ee1ade86f01ff1e3f9fb27,22.41014561509504
0xe7765e5bb4562245c274194101c1ad1da417a033,22.410142690232014
0xfdbbfb0fe2986672af97eca0e797d76a0bbf35c9,22.404390463580445
0x97bd9e1cc1a476181650e748f883a581ba869cc8,22.40339462649877
0x9b4e28020b94b28f9f09ede87f588e89c283cffd,22.391417842808696
0x96c0e99de93bea54bc96f609ef4504cfc778fe64,22.39118795557895
0x8b37fabcfba45d9b7c8588b47dac0aae3c69e5c3,22.385725071139444
0xae3c67b8aa12e458f2b4eafc0e9209710582c9d3,22.38436776747364
0xf4fb290597cc7015536b86ab3ada01d5bcb2cf6c,22.373795588543466
0x08c2828ec23eaa2434861cedf8469572c2fd2ea7,22.36522025306263
0xb5b4c4f6a656e6a9c1fc301b206b99af95215245,22.346612722433875
0xb018e7674c3342f79845996cc4979ec91d6d5f33,22.342524904833656
0x7bb389db8484fc975778993befe2cc44b6e05f4a,22.33917249415082
0x5142126b4573ae1a23e4c8ab2a16631cae725325,22.33301626688779
0xb1734fa31d26d0d7881cbdc0118b1535f5454a33,22.332244622083202
0xe670c92e93f88761004f86b28c101cd8b9ca57a9,22.331371225603842
0x6a07ea36da7850cc89be2523eb9423fbe7237061,22.3312610824615
0x1390743368d3d548cea3e371f8da81da2ffde2c1,22.327624270562577
0x594e15580468d21d447299f2033bd203036475fa,22.31762455215767
0xb9b78523717e42494c2aa6ad07be9ccb4b09be7a,22.313851350463544
0x84c23a698e9ff0a533fb3897d6832f8ac529740c,22.313370294926514
0xf0711d67b25b1b48e67489773af9f72afe5fbb63,22.306168952715957
0x120d7c6bef0af3dab374b0f1bd83adc347fbde54,22.305918317425586
0x512fce9b07ce64590849115ee6b32fd40ec0f5f3,22.30061355946562
0xd2493889959238e94341a75a5e6902b295a4fcdf,22.295721310168133
0x5444a43aea36f3cf015aaf24a938ae6baee2614d,22.295668325809004
0xb80a65f0c4dad7ac3b585429d63976697bc4741a,22.29399170312569
0x7be51cb6e9b2c02d975507ea7b6055dcf719b10c,22.28416117461442
0xd2346dbe4fc52ecfdfeaccab5ef1efaa0851c21d,22.283236617356863
0x35c969e8b416f6888d5d03e721dcd154446dde0a,22.281697961585536
0x7741536ee155f1d25ef782dfbfb5222fc6f2eae4,22.27840924302206
0x3edab72359e7658078f4872b7e4827d7242923a0,22.271854326556166
0xef90422ad2b181465d4c50c79018072e1976618c,22.25448095346022
0x33b37dd5862021a217157655ea2561f3a056e8b1,22.24099006980424
0x410c8568c94f707008bb7a5afd36421b0cf6c307,22.23375441989089
0x89555a4f31b06faca197cdf60fd996f1ba783feb,22.231209229513016
0x63ba52526b99b9d4dddc2d95de41dff8c079d3d2,22.228966109442162
0x27aa0755996e2d1311189e1f6445ddb3fd64d98c,22.22890786748068
0x3d23ce98d8a007642bd24e69989515db24acb808,22.227588313849882
0x575f0f46c427ee49dc1fe04874e661db161ac54e,22.220956480873248
0x6f09ef3d1ece52e9c26e1ee2b004a93c7107ab0c,22.196566492959004
0x19a781c1fc8eb677d753e9f7be13c6fab2faa5ff,22.196347649190148
0xa53a13a80d72a855481de5211e7654fabdfe3526,22.19621942690698
0x607d2dd18c9782dd0c387b2fe8a69bbcfe0e3eb3,22.191385217908678
0x7e388444731c38189c0685f6d98605107ff59282,22.17938447374457
0xa574c53d63550e535c8b78f0e2a33bbe3c56ef2b,22.172339707567556
0xe5998869c7ec6b901bc99eb4ea7c38fa5020f4e6,22.160047985424878
0xae69b1c3ce33f80cb717edc3d935e8cb93e4c2c1,22.15441726922846
0x126323321116ab9b70636e10f832abcbbedf1bfb,22.1543796922168
0xb21090c8f6bac1ba614a3f529aae728ea92b6487,22.153983724723073
0x7a1437563a366169ca566e9bcb1f7482bedbff14,22.143553404856746
0x2f47eb00b241eccce85f369a024742186920e111,22.128428545170877
0xc0edffe90b881b584a3a9d8c39dd24aadc09ce6b,22.08140740207668
0xbba03ac718c1e7951c3e21bb7b8160fa0c130651,22.0665133121755
0xd888dafa1df40c262c10d0479b9f0b8d8d2cdfc7,22.062949192810397
0x32c6b5db05b98907a29baeb7d09c79c95498b17a,22.05164814640648
0x4843e19286d6d5258b3fda78b46c7ed0bdc8cd15,22.050345605682306
0xfea0904acc8df0f3288b6583f60b86c36ea52acd,22.03095878948729
0xa6dffbc492e1dccae78bf4f6f6c13b1f96469e11,22.025954617456826
0xc563fe25355e97ebe2932912d9f3ca9da109478a,22.02145643872086
0x06d90eeaf1016550bbfb20d21e8c853f1efd4e53,22.002030412649017
0xb32a3c94556cf525e8ca749515762fd04d9525a3,21.997581540711465
0x1f72b20050ae955e6b21ba0df9fd811c767cef0f,21.990089357601853
0xdcc896d48b17ecc88a9011057294eb0905bcb240,21.981289959969928
0xf3c97135aa789fd6437d5bb67d32307bd7edac16,21.927121800573047
0xe41086f6e4801bf49c0f9e24fb147cdfaf952a89,21.896752389157147
0x87816ddfd2f9865ca3025e46022e17f4ebd2e0b1,21.775056515865142
0x24e09f0b6e050754a9ddee77d867a786a38339dd,21.711132823550933
0x301951f9bd3e21e404dd2a99a225aa38e0947ba1,21.68720681507149
0x0771c7e2a11cbfe3613acb97d79e9ae69416a571,21.674409667882063
0x547f0a7816ccaf3b2dccb1c4401799b440adec06,21.63760647612478
0x82e5345c7a6355b3ba0e34d26ac3340ea1b4b91f,21.567916900659736
0x6a76274f50711486ab0799e75150130746ab542b,21.53001570304065
0x6f9ac5b3fa4308620c6763d9aa5a65446e75f5b5,21.455791220237604
0x7d33a161db5b1e7fb910ce124b347555d90bf59e,21.45041727086546
0x3b48461a085ab50996fd96b0cc12a557be91aac9,21.430344046791692
0x51a93fe2d844e1df7a9299e68517e222efebcbfa,21.401862574487883
0x7e046f7629fe48d4a02174822a5dbc5ec4ea2a37,21.383006436447697
0x40941f5619974c639fe13fe977fd92805fc10ec3,21.35839080206719
0x23395e68e4a65b5b9b33e3819f6a3058752a1a2e,21.342175290641908
0xb088a3bc93f71b4de97b9de773e9647645983688,21.339314854262213
0xe20ee1d250c8d3e0bd140306121001bfdc7a1201,21.335598931580975
0x278a71bd91f1b5ff2a309cfba00fa3e27b02fd33,21.28827582969059
0xe1a346b62765fa179e9842266213ae20c659e6ec,21.27643840911075
0x60dc0b25f6aa160ec8748a52f6c360c213454bd1,21.236184872245474
0x995a09ed0b24ee13fbfcfbe60cad2fb6281b479f,21.214761014299064
0x9640a35e5345cb0639c4dd0593567f9334ffeb8a,21.20736524993855
0xd4e09cbaee9b6099ce7f5077dbcb30017da2b2f6,21.20455016892207
0x7b47cdd24695e6021776d6142147cca77a6339dc,21.19633889508692
0x8e5d30f161ba3ebb09dc3c1f06515656af34baa1,21.195780085072673
0x8c842e95ffb3bd3b0a5c82d52f38f1b122781991,21.166828638527033
0x2e13c8f1e1d66919d04f12e49fbc4a3c03d286d2,21.139379372203805
0x641c0b2a037f81ce0414a830f479ac841e67d8b6,21.130254383505907
0x310d4fb2845c3e0c3c57165198d65a5327a373ea,21.1270737599706
0x58df55d6ab2db99d440241a607d91898b9ffd046,21.09418930829727
0x4308415cc35a883a593fd182c8a6f26250d46005,21.081969846734808
0x7904adb48351af7b835cb061316795d5226b7f1a,21.066455355962184
0x9c580320f47451ca1e71a8d62ee00861082fc2ee,21.040999743960175
0xd6390178b2002a0758e8b3486fddc1c4bc23ebe1,21.037493779775605
0x1db58fd3424e2d0be54a661b3f8b4f7007f46fdb,21.03685566813977
0xafdc7b014631bf1fc2fbfe91fb4fe2effb463bc3,21.02266195346263
0x761525f5c17baaa3d1c7d61616d580792ac653bf,21.01706635026548
0xf5ab90f6b9b1ad8ebe615fc7baa9ef4bc5b62729,21.01060457238058
0x9d59e3a984642799001a8f0d7fd6b69b1f5888ab,20.95271124402377
0x3996769bd6bf1f7380895bc969302804b3d3125b,20.947888254598652
0x0dac0e020ce53159d02b06d062b61c26ef0cf469,20.94658517733713
0x0a719a1c3d997ee54ee317dd02617ed7edb53e00,20.944690481868243
0xea4644472a98722dcd26b49abf5b8b4ac55779b7,20.9282243369283
0x0e94f1210151fbf7003924efa56f4a73f8f8f507,20.91509413473525
0x782c7c0015ff2c58c9801a63eef8b6f48c8b7ae0,20.909443289604493
0x8d99b4c39c26d693cb52e502bdf4918aca68c14b,20.899005676880375
0x0db5faedf553fe294e1ebccfba24317f672b234d,20.89138161205931
0x5bda08c6ac357dc383c4266c329218a38950fac8,20.886895294175787
0xa71e01d2140be779fb3412ddd72c6ceeeb300610,20.881481248536268
0x65f5cb909f1bcc3ff21ab88d9ef8e2ff848c03e4,20.870871615584438
0x2e81655a6a2b16c38ce5e5f8b5bd5b93e1f811cf,20.870557710069875
0xf16d75faa453755891196fdc08819bc5527d5806,20.86512900933618
0x958f5159b62a864419ee492008061fdef2e1f8d0,20.864550338833737
0xd419f03dafb01a0132e79a27378733c8d23a9db4,20.850739892195914
0x4a6f6b9ff1fc974096f9063a45fd12bd5b928ad1,20.840364534879498
0x2a2a9fdb88a717f417b2bce9bb592ed28d2a9be0,20.83878694572042
0xbe2800c4dead2c7c361ec51ba6d6a384afefe224,20.835162304648193
0x6124fcd7d9abdcbdd0ff8c704a9bd35c05add22e,20.832145657347116
0xdbad4eb69c9beb3cc85bd094b53bff80f476c514,20.81777264343598
0xd3e3ece7aa0e799fc9bd48319db9a8b71eabddf6,20.81119497423724
0xeacf16b7757a9f56aed5c4c187016b920901033e,20.81083332270163
0x4d918a4aaf735dedc39055b94b17c32ecd5e10ab,20.810780981536574
0x4ffb3ac0c2834d509c9afe62a9ca8c44f93462f0,20.810728312074026
0x4a86e4fbbf5095d769b334c14fe1fdf21d8c00c6,20.809776976556968
0x5c84b6d5b4cf8da88c56508dd2660ffe46ca6a2c,20.801617293580374
0xad923feeeef3598217bd2d7d5d1181d8c386ca88,20.785685468683663
0xe9e9b34920131985d5e948c56cc8e34a9e1fcf22,20.78162046438185
0x87488ffd319273cf9ecd07b382cf1428e430d107,20.781504357867252
0x481701def7a627ec4e77b8cad309fbbc3720dfe9,20.773276535369575
0xb9f7b3b5492f270f2ba1ff1b6661ed27e03d4132,20.76559316612582
0x9a1c5c0021ed04ec8e06d6d62415d862c22b2975,20.7655580182605
0x00fe460a15b49d09f39b057d0f1a7b9444f4f2be,20.765397033646867
0x9bb36404df5455eeb80205e5730631c6a1d64c9d,20.765363810371827
0x7d957aa56820212bbd4c7667ad5e3e39215048a3,20.75417490445684
0xa5e65bf39c35dc7bc11f049be9a62f3c96944921,20.75292155219166
0x54a22a7712d9dd85c5953362c822390521bef0ec,20.752898413979473
0xda81f406543d3a8ad6ed5a64037628af237a8256,20.752164948588124
0x50dea4112f8900373066abce52fbd89708233358,20.74988209976811
0x9c0d566b965e4361833ae5207b5544bb35827e18,20.747223433425276
0xe7683d0562086a88c1b9b32f8763e3ae6aeec502,20.741629070756606
0xeba993147ec3b9d0ff800eda74c7f154a9185ff9,20.741019205191783
0xeca9120a2be732c1118db6e993080d744a6c31c8,20.740888709016357
0x4072666559580b59ef51833f102dc893f6e39826,20.737691582748973
0xf1d192941341e8c89ee58a60a09bd7cfbace181a,20.732888636400105
0x1a272bb7f757d727c1e2d5c4ed652fb5335fa6f2,20.729066981534636
0x2235cd349113837ffc6d3e41ad8f64a84f3d20e5,20.724832113632512
0x7a0fbb294741a4d08ebc09e8937c44b87c4c0b85,20.71402750809483
0x87f1ed1d1dff06a8426f12df0bf3c342b97abc26,20.708599989022815
0xa2e0a46ff26f6d9a3bad3146fdc869ed6db7ff64,20.708569844557115
0xd3bb48f4f01876783ce5f67392c1fe05e1fa0918,20.701095314069974
0xbcba34246db4f560fc19b9a56111b90f8cadb248,20.700420357158634
0x38b3ad7b8b162e1b2b21d6ce7c76b11a969171f5,20.69278068002667
0x3123f7271ee3ab8041328b6812439d11bfc79817,20.692504346731642
0x24a8c6a987c8249bf507dd7638bd832b11a5b65c,20.692327854871014
0x083674408a89ccbb0fc9653cf93a1de0b017a2e2,20.680782873865375
0x9bb3075782d51adb03ed3ddbd7b086e1ba5ad45b,20.680474549544172
0x75565c1bafcaf5ad954ceedd8c20bb9788af32b7,20.6802891997902
0x1e157f46f0ae9f20ab11499fe2990bea44be4409,20.67811934169072
0xab61719309bf30cda379b45ac33326b24261f956,20.676954922274426
0x98b267c74728e49fd14bdeedd7e08f6c610be38a,20.676740383568987
0xaf7b6cd84a798fa1d58adcde725681ff3d196b60,20.671986119285428
0x3cd5ef3ccea68738e8ebb68dcbfd861742976ed7,20.67003716160758
0x9b659d5631526d6cb599da65dd0e59a923303d6c,20.66380044120902
0x413662ef87c5714c0f91294b3b39f5ec4a84875a,20.662854009386013
0x53c404d148a5c7c164e259f07a87429ad79c00e6,20.659958077489694
0xdd3b9186da521abe707b48b8f805fb3cd5eee0ee,20.65990185540851
0x3a7a0acabde61f8425d5ef1cfe2eb08ecf1ab307,20.659802300750535
0x78f220dd23562de304e02431c5a72f01bf8c3ded,20.65979681575288
0x603d1cf4b9b48b05d9e782d536a2cbcc83ae5a6c,20.655589045436678
0x984886312107a9ae23b8290d6c1d519a737283a2,20.65236114320004
0x8ca17329015c9d8005620a74ffbd73647b5440be,20.64775240078546
0xf05cbe0ee781ab4432ecd5f6e5ad04551d239561,20.647687302637653
0x4be07b41f874a11bdf5f78d4e850d06aa4aebb61,20.64395387254257
0x048fe41b588e8b70887f294811857c892196bff0,20.64017346717151
0x16ad4e68c2e1d312c01098d3e1cfc633b90dff46,20.637802875992428
0xe1b4541955adbf751f3ad479840eb028e4ebe9d0,20.630285565411356
0xdc4fa3fc52731adc0f48a4e31c9f8e394c6e501d,20.62994310501454
0x043a95560d4c1b4e22237c09e96614b7b4774644,20.627199017215332
0xf852ba98ae2af4ac34d04b30dcefb2f03b09d387,20.619690998651414
0x100abcfd1106fea82d77cca119d90b74153d2e30,20.619197788296525
0xc7d5b575c6095104ab81d0aef81a2a2255ea325b,20.615789597817617
0xa7b95d2a2d10028cc4450e453151181cbcac74fc,20.615540141726573
0x56be21efb723d2db327845a9cf6946ba56858fb2,20.615276817781307
0xe77884cddf148dd5f0e9191b33d8dbaddb16dfb5,20.611400233613377
0xa3f3d5acc032e0e20e88b172f8136bbe8a85883b,20.60715552806853
0x68d276dd346f39b0d0338388a3be0e2e2b28fac1,20.604119257821953
0xa248c8099d6763f5bfa7822677c367a568047bcd,20.600095448495296
0xb0e16fc53a908893717a0cfb498d46b8b2926e6c,20.599091194506297
0xbaaecb418fe3dd87d644f1f31a1f559426c86e59,20.595208472331713
0xd00ae74b8a2a0b3c17636cdcf4c4e72149f2ee20,20.595030797002632
0x67a4aadb2009e968ec132c30ff2698cb3a6daa42,20.59157107146982
0xe6466736b36234c054144ef2e56d0207a3244d47,20.59098323126501
0x3b38b4666b2ed00c6974ac9d239fa49b5aad28ac,20.590900417761716
0x75c108df63381e5b2fae62d610d79a8915911aa8,20.587035448833635
0x1261cf753c2006ab2455fb8fdf45c549553984d4,20.586846223774533
0x460b1b265f8b3d09b555cf22738fb27782166444,20.586718756716323
0x5db5286cec9a28d76feb4ee22e0722e6a6912b22,20.585947334115115
0x984b719dc836861dd7f537241ccf7f7000fecbe9,20.582990639686034
0x6ffe90a6b0e6ed5398e5ae58367e20fd2e26cbf8,20.579552538746185
0xf3f65a1862e8f4cf1b3f7b418ac45ef3084bd95c,20.575074340075947
0xcdc65de2a7bc4b56d20e98a387c1528e58bf3441,20.57473027503979
0x2de2fcd8506ba2df34cdc2a7b24cb39f10772c4e,20.57455094082734
0x64fdabbdaaf96ffd1fcfbb548bd6eb59fc9a1bb6,20.571384105162156
0xde9a3d3ac7630594787e1996e9ecfdfaf7c47094,20.570722253554447
0xe8992b1d0737c4cc587eaafe13d7563bd50b5c14,20.570714320759613
0x06a437b2afcd7b6261bc26399b30f0102eae3af0,20.570620711137366
0xcb7a8524cea0f54b4588d00757006aef0e6b2333,20.57030991307292
0xb3597a560e312af23349f599c3318b79e244ef72,20.566395173062553
0xdfab10160b6fb43b241c581540e46229c581b1b6,20.562928523000934
0xd2b4f58eae92831bf48787b01ae26dcd6161f164,20.55842345698848
0x3a9f7c8ca36c42d7035e87c3304ee5cbd353a532,20.556636787873384
0x054013b54780a61a2ec3f728c279c2440905ded1,20.55660523830386
0x0c31b6605686aa26df47eb45af0e4aa6639a5fd6,20.552029621406923
0xfd1935fd3c8f49723deb7296c58ba4bb1a0e48e1,20.550887872308845
0x469880d6013142ce79e6b795e6a9f3f564feaf7b,20.5504454273265
0x5b53e1b76307b35c2ddb00a31cd0d47bf72d05f5,20.546355778600738
0xc46717a0e137421d57b9e9eca3e48fbd238d466c,20.54635020590424
0xb6393228eb15c91c511e46e3662290d56891dbbe,20.54628019933261
0x2d52538486de12cc3ce00f60de3cd84fd75597ee,20.538366237516676
0xa809470bf67529254e21dc2e4a8fbc71e46ec984,20.53823336722916
0x6d011103b9c43190e255af105b736373be1f016d,20.534714819015147
0x7b2ffe139191b962c1f5686ae5025d4a64eaf2ee,20.534179528094107
0xd80703cd5b10836807514cd473d737bb5126659f,20.52991956145891
0xf116412407a9c607475f6bf8ab4b1f500b74ad0c,20.526340460831353
0x95f0e078389c641216f648994aad2436bcc67df5,20.526159174380286
0x47917255d73810620c841a35e5ee42c008e951b0,20.525903875866298
0xb4bf0620dad161f24e8366ccf96bd22dd217d6b6,20.52479678006084
0xe22c9c1192cb7f26bcce0c8c7be80b3529d3dd4e,20.523891938092227
0x1f7c4dcbd4fc189381aacd83b0f2b27b89c09671,20.523835573530672
0xec75e6ae612401d4188266eb731697339b9b0f36,20.52369827571667
0x5b47ddfdb148eeac07e96c863cfde09d34d3839a,20.523520248527916
0xfb79c148c0ff3084c28e3c4f8a23dd48f043c6bc,20.522414061363214
0x6f45f069c49cfa308520482816700b21115be7a0,20.522060810952883
0xec30507e1af634869bfd78adef8dc428b5524478,20.51790940014645
0xe56e7c01ee1b97b308d68c4a886bdd1187478b66,20.51789409925731
0x4c8a353564041747101a98e748cc4e3a903fd34c,20.51783654296476
0xa1d3c765e9a9655e8838bc4a9b16d5e6af024321,20.516220825036672
0x8aadf11c7db6471ef6e164f92e154d02d5e976c2,20.513912010328365
0xa576e704a1c1d8d7e2fdfdd251b15a3265397121,20.510637181951548
0x0be103587c2cb3bf04de1f4bfaad1253b77484b8,20.509807832402046
0xc1852f917835a9f2f97112672bc5c8afd1f21dc3,20.5081176399885
0xb907c68f78fcdb082e60a167dc4190198121c94b,20.506077925281957
0xd19604efb40ece1efd6df5de6d3892112b51e99a,20.505952672194354
0x89647b13937e4137deb429c13c96b075e6dfef0e,20.505542217667763
0x3eaad1876b667cd24d5262447d83ef3d2a5726be,20.501714507588893
0x0393f591f970708c840ed9970f2a867d8b588c83,20.501568829062506
0xab95a0fb53df696a492a93f30fa126bde2493043,20.499199710107217
0xf0a1003ec54bd889ba3cf22fe0179a32f51affd8,20.497723849370477
0x7e8c2d8dafc7c42670de82d088de388668d13941,20.497656529965656
0x9a77616f8cb574ac3439baca2fc2952a7713dc7c,20.497589117495416
0xdaeb939ea7613afec21bac8e0f8fb82dbab60114,20.49375803476675
0x6bb1be45c80e14b6ef600df5b018df12a7b245c4,20.493633346507213
0x3f672eb36171a42ec04e59a635e6b1ec8a40b519,20.489590862769997
0x8c606e6722bada4ee78147bb47acfff79f10eb50,20.489421292942342
0xbb514b2ebbe652b93f8b045af558f7c498d6ac23,20.487391109700777
0x21ecf6adbd21bb71264a4f8abc4c771c9340f89a,20.486294736394797
0xe57941d83cbe919d957922fae9fc819219564b83,20.485517998839242
0xc9b9bf1962d471bd05ab7ff119105815b7bb27e8,20.48541893110251
0xef0dddc3f0a5387b16566dc6eec7d6f3b0df6350,20.483410940842433
0xe83ca6e0bfd60ff6339dad4cddfb773162375319,20.481697515663573
0x37de9d293350dc3fe3cb7a9339a94ba2b00a3668,20.479131994757836
0xd9735a6c1fa797293072349eadd73e51c7125a35,20.47739988325241
0xacec78653275b9a220ed2ec7714d52d633d10a16,20.47728247731983
0x199da66fea63520d64b213ee3e7eb7cdfb650d62,20.47651555994037
0x18d3c86cfa6a3ce5b839ba45f39940f440e76615,20.473498208652448
0xe4f1ad0792d05eca7c6428967dc0dd288e093e32,20.473331707503846
0x95d97be6bd003679a9cd856132f1128062af48d8,20.47328094133494
0x3d8193e5f93fad3ebcd27b05d8b98f4d97ed3004,20.469618798595427
0x209b2346598a7f7f0a8068aec2b76385ed98dab8,20.469509779058495
0x0e42d32dcc5b83a9bc74523af3b8c3a3b4cf107f,20.469072384454254
0xf9425f9100a62944bf839e40506c97dc28e5662a,20.4652877270586
0xf04fe5c670d6b31abca534c8c29abb6e4d111c6d,20.464473290013952
0x10c5b61af5d85b274a63a728587cce244e3c2c9b,20.46385534241714
0x5d21804de2cc32c573feb87c8bb1f7a6d6a9b59a,20.46274513903649
0xedd6d7ba0ff9f4bc501a12529cb736ca76a4fe7e,20.461090253602524
0x380e1eebcad7f1ecba500f3bde702af2701f8a78,20.45699788939622
0x2c4491b17ca738490498dbe291e06c4d2cbad028,20.453887904912555
0xea0987748a759bc25a7d672e921a36dba8266c51,20.45342545980132
0xd0d47c32db648def5e0322db922c4368b387e62e,20.45339695384946
0x6f59d07401bddcc9373779fee26dc407c45768ad,20.453132942688704
0xe178d062222443ae45850b09f16bcfaa936fd335,20.453088855881603
0x0c28a8305086fe15e99c14e2ba38911f2d0f1fd7,20.453060225324318
0x3014028c3b3940364bc2e99c4c987f98ea299c51,20.453026132082297
0xc77ebe8ebc2bfae9a0496d1de410cef4eecc3e38,20.452956370158553
0x5f82c97e9b1755237692a946ae814998bc0e2124,20.44963559544181
0xbf1533fc0446eab1e968479aeedcea18a1d409d5,20.448913628662822
0xe5e920577b4ed058dc9afc1a06ca7fba4b9ced77,20.448902138912963
0xaa85bea76836b415327c792cb7cddd506cc26655,20.448795632355836
0xc53e7040ce1d891d59f67cd2dff36b32d4db1f80,20.445005028553407
0xa79f75d42d8ee2c41a136bd2895e7179a15098cf,20.443416941103962
0x54b45b82dd69854c39bc4346197f4a7ddcd183c4,20.440906880818847
0xea5c6e56340adf10527e03792626bad7d1b68283,20.436828096547053
0x82b44dbd658c8f371c16501bcb6e7334a8e9e00f,20.436768951722964
0x683537e4d326c5dfaaaa6ef9dd9cf85ebb04971d,20.432884987597202
0x2f2e0f8678eda4babff95c341fd2ca4793ccf76f,20.42875919104435
0xb0d59acd8177904271c2886e9e04bec7a56a39c0,20.428748244917173
0x2c6d8db004888c411766cd2d9b3b250c2a8733d4,20.42864228464784
0xa3112fe508043fd974d975c70b6c3ae581d7e032,20.428583141594654
0x66c7a7348250f453a37cf86410a946f9668de386,20.425889211419733
0x8484b03b0c409e66a74022fcf83288999da25cd0,20.425198419473617
0xcdc97597422d317974a69a1773dc6366020a51b2,20.424630873801437
0xb212015a651c3ecba237e6e983405e8970d958e9,20.424629851171918
0xbb4fd9ed2d362d76a5001d9ab6c1d8630f59be0f,20.424628694720763
0x4d4fc2b1d694d3d7647443b79a7efd3bf4efdb41,20.420867915288483
0x0709de728522ff8477c3851f105e03c1263130e8,20.420652391172943
0x65f7cd5aebf34002dd7e3c5bfe8aed11cb05eca2,20.420594737712698
0x4d16cf3c4f4baebf9d219578ae4e677c8716d4df,20.420309325947134
0x90ff9402eebdd272fa1e0546cce335be56be18c7,20.41678462001277
0xeabef74498027d81b7466cb5dcf799143b9d7839,20.416565980608496
0xb2a665b11d4973f20c21eb5daa9eae6da1bd8438,20.416387924776036
0x5481bbb908b34e4632c528e731004c5cbc145ba0,20.413916709270268
0x7051e1d528bfdef5b6cb2a21b9c9027103ee4193,20.41244115797369
0x37b3e4205435c4822e5ed2060cc8e40e8e8e363c,20.412408209277665
0x45b34d1442a4f1ea3cee895ae16e193c666ff727,20.412332535940862
0xd50ef0e3b8d6d920a6c898aa139d038e014ba4a9,20.408562543176973
0xbcf05d19c85aa177a58ece89169fd241700f7d1c,20.40855634859589
0x848769e27677cf08059581befdb65f4af3d69b82,20.408192500517362
0x82f458f713ac9a366aa9c7e858f69454fde779e5,20.404566228530783
0xc00119abd3b5811bdddf949ef47a1b015ba2c983,20.40447309846829
0x66ff90a3839aed0d5759b8c69245ea1183a402da,20.40435187828026
0x8c539c090e3170dfa051ecd0c274c390661d06b4,20.403363866233253
0x49cf64a508c7e255aa846cbafd3a5cd7327ecf7e,20.402645144228536
0xffe11dd3d666da59802f61670b0664519c20f94c,20.400597709993185
0x21dddb54130831b40a034785f66039bbbb46a64c,20.40053996117722
0xb48be7b7c26e05faa394bfe78a5bf413414becc4,20.40022336176849
0x8d344acc72b286cc4f5616854c7164309ec2d560,20.400192793654544
0xff5e8fbdc90b6d0cda6c5ed32bcaa565d83cfdfb,20.3970313865141
0xf0e501e38ed216565ddc50d3f405fe5e5de4a563,20.396336791327684
0xfe1fa114b6899bd8c20e0d08401cada067523421,20.393567546297675
0x8ec1675d89c4ff8579e461d593700292b9967b46,20.393163960141894
0x79540c5165440e79e077799b6ab5cac224bba9e3,20.393028551987722
0xbaa0c9a680ac84ae6ca27e779d846223bb60cff7,20.392123839305384
0xa0d55039834d2373014b66a322b49e32f4869f49,20.388015086139895
0x5070df65482b1e7ebdd77a552ec467e42531f51e,20.386551223849807
0x033e9b12438f95cdbe9170f313367f4c614c5fd4,20.384723163384326
0xb73175a10dbebd97ba55fa6b869b1492492f75ea,20.384444761415143
0x8ef87cd7ed249de87f255cd99672b337cd24b4e4,20.38378947301695
0xd12ca1d1308b34b1ed2aaad8257d52b92af40910,20.383625596426512
0xa0dce82e58d514c80c570e2970b12befcacec226,20.380520509735153
0x540467e4d66cea16598240ba82215f459c9b988a,20.38021463335495
0x6cf2c5ee1024e4ae2444ec490e0e60e6245504a8,20.380210192172825
0xb47b8811c2126d749b1397e0b8709d419f8a4831,20.380131956202554
0x5d76a92b7cb9e1a81b8eb8c16468f1155b2f64f4,20.378763379851243
0xb6084528f9b737189f74f41f5ad900bd52616f51,20.37768689140714
0xc15792b8578fc26c10de7f88191ecff579151866,20.372581838706143
0x799a3539e0404b3c3085293692de1c91f074e001,20.372146145959867
0x1d964aa9af846ee7af40844ba869c7ed93cc97f6,20.37194673473565
0xf75e32eea34ec4c326f340f26e9c7f0cde69cb02,20.37193572220343
0x8f56ce34d90141e3ba9d78f43bbc80b510de3e9b,20.368411868660612
0x9cfadcd826c12d18313dc36b316d651f0cbcac9f,20.36610640579084
0xe65187714eb725c76012defd18ab7b495fb25f31,20.36392831334439
0x683a42e5b414ae5cf79ece7e369ca5937fdcdc11,20.35997895373826
0x3018b55796b0b9f6b4fe6853561fd33b9261ff30,20.359795495994764
0x4d5c8e9f3cedd850f5bd017fef11a8f78c955c07,20.35656621734709
0xaa666dd5b7db78516a812b772fe5c1d67c66f270,20.356091457472044
0x925e48a221b41b25a7e847ac02852db3ace1be58,20.355843263928147
0x820ea75f004d100c9653633893f90749a9abf6e7,20.35577326016026
0x76249fb8dac38966fac80413bc35e2bfdb2e51b4,20.355647582948333
0x16e5f4aa305cada2172269c53db8401045f35cb2,20.355545061274558
0x357bad6590cd50599e5c624947cacd917f6d96f9,20.348947144924
0x6b5bd784d55b9c4c417fbe5646b4bcd81e1c43d8,20.347687014811846
0x0c6cea4e2ffaaf510880003c03a81160569419da,20.347671771178668
0xdc0459b7528e93cd44ebc185c3a2183554419567,20.347663870998176
0xbee5b06815c0ed11e353120e845575c2ed5ed376,20.347612233381774
0x84640b3c91b5a39c29541929f129bc45d1e50b6d,20.344234525099488
0x6d0acdd986b7589295a43c91b95fd1f26fbc59f6,20.343915300326433
0x97ca38eb515ee00275043df98881bea30505bb01,20.34356723489858
0xad9c22b131aafbaef76f05be5d3ed923c12a8526,20.341710957621366
0x6632b2a04a57fb162ba6dc7be4fac18a6b625e6f,20.33930342806518
0x328a05e9abdc9c453f39066f328d989b43aea87d,20.33737649488033
0x90acd0fd2aa57ceb17bea4b9a7c95071d94c5ef0,20.335942906786535
0xe19558d2b3fabb5c045ddf3b44dc15de18e9cd20,20.335538148702
0x7ba7f7ba93ed40d18b7783419081b6101e47ff0f,20.33406967524752
0xe5bc2137729009fd87373223f3147191bc3f7216,20.331400727070786
0x586d70b109185a4de8a55c10ffc36c851f38c44d,20.331397651969862
0x14d4c79a2e82e43bf39ce26a436511864f5ae3e5,20.331321646052555
0xb26eab084af997860b19d98ad419b29d060c4a3a,20.331318093505946
0x1b8cf9689f5c0a119805eea63417631e24473ca0,20.33131621417856
0x179b43bf02360ac73119b2d4980e0acb9d744fd0,20.331223024661202
0x9c3bcb805cd36c8e060d1100dff10325ff4fcdb4,20.325342964738564
0x6a8ff90e596e037b2ded3881c19ab4fd1727a0c8,20.32511571586307
0xa1ba4666daddccebabd7b15e6cb46bf48de5b5f5,20.323233547573157
0x0372c7bfbb5b38699d954faee540d6b90cafc877,20.321468094434977
0x5445f987ff43fe2b2c31b86ebfc585a3d6b02120,20.319505071106537
0xc96abba85d99a04a3b2d735ea8463eef80be3f00,20.319174192090014
0x535574b576dc7057efda800056a257801e33632c,20.319172012382708
0x9e58bc5793ab04b03fca43b41228f6e257c089e9,20.319165316331997
0xcac314add1ee881cceaa1271b12112e01476b3ac,20.314913934940083
0x73555792708d34d5d2c3fce67134ea691ceb4d65,20.314803791912304
0xc61b7f26367d6d8794f6d5f0395965e1da017067,20.31120107576984
0xfdfbb7bb1a8c9170729e4da73c73bda3e85469a7,20.311200713074474
0x0da2336d5568bbe780ed6f4e2be72d8c81a9648f,20.311200524024684
0x695cf62c68ad3775a47a0b9f18a7e20a9a1357ee,20.31106185157265
0x9357dd3844efef1643e332dc934765d28c85e562,20.308243458087833
0x336a566f0cd19c3379676f8932f26c9b1b1aea66,20.307260670914715
0xefdbb61bd4e23eabbcdf9383660a5f0b330adf57,20.307224059350677
0x504af2b739bd8cc1781933467ebb0fba59e182a5,20.30660694990526
0xd19fe63217a41964875069b0e7f6131e5affe2ee,20.302725351860577
0x2d5f5de08ac579787cb59fa2b8fe4674c5fe5189,20.302724010139116
0xaf6726577d3cb47d18c970a2f0c25273461353cf,20.299133379371995
0x81e5cd19323ce7f6b36c9511fbc98d477a188b13,20.29901749173481
0xffd2a8f4275e76288d31dbb756ce0e6065a3d766,20.29884571281934
0xb242b2afee4dda2b04a04cd1a982bf4dc066cee7,20.297691663684866
0x2f41ed247b918d27300131f07676d33493b74363,20.295909816849488
0x1b7da8761d2ab12f2282cda114b4b735204670f3,20.295177003133773
0x21f79012dd2db02712e42b8146bf15f4f950e976,20.295042967289763
0x12795da9c2c58f6b545b8c943cd8dd0f3725f1f8,20.29474381529154
0x188c30e9a6527f5f0c3f7fe59b72ac7253c62f28,20.290942374930562
0xc8d92ff6726e6887322b2136a79ea19f72882dfb,20.290703694275336
0x2b6a4f029de9f6a17c0413b393770cacf28f6c8c,20.288057975902774
0x49b61b0b725be7ee97361318ea6711f5ccf55ed3,20.287964757483
0x69f329ee79c98a94765e4105adfd5a87458d919c,20.28699068616878
0x929379947a8b6ab160bbe7a4cfb7f857c18ee067,20.286908860434703
